City_ID,City,Country,Date,Lat,Lng,Max Temp,Humidity,Cloudiness,Wind Speed,Description
0,Yakeshi,CN,2022-05-22 04:53:05,49.2833,120.7333,76.68,18,81,19.3,broken clouds
1,Butaritari,KI,2022-05-22 04:53:06,3.0707,172.7902,81.72,78,85,11.63,light rain
2,Moron,AR,2022-05-22 04:53:06,-34.6534,-58.6198,55.98,94,1,1.48,clear sky
3,Port Elizabeth,ZA,2022-05-22 04:53:07,-33.918,25.5701,50.09,93,0,2.3,clear sky
4,Conceicao Do Araguaia,BR,2022-05-22 04:53:07,-8.2578,-49.2647,69.08,68,23,3.2,few clouds
5,Yellowknife,CA,2022-05-22 04:48:57,62.456,-114.3525,41.56,100,100,9.22,light intensity shower rain
6,Rikitea,PF,2022-05-22 04:53:08,-23.1203,-134.9692,75.56,77,5,13.33,light rain
7,Hofn,IS,2022-05-22 04:53:08,64.2539,-15.2082,46.36,87,100,15.93,overcast clouds
8,San Cristobal,VE,2022-05-22 04:53:09,7.7669,-72.225,69.98,85,17,2.95,few clouds
9,Tempe,US,2022-05-22 04:48:33,33.4148,-111.9093,85.21,25,0,5.75,clear sky
10,Cape Town,ZA,2022-05-22 04:53:09,-33.9258,18.4232,56.12,90,0,6.91,clear sky
11,Bluff,NZ,2022-05-22 04:53:10,-46.6,168.3333,48.67,65,69,21.39,broken clouds
12,Saskylakh,RU,2022-05-22 04:53:10,71.9167,114.0833,34.81,100,100,3.31,overcast clouds
13,Ilulissat,GL,2022-05-22 04:53:10,69.2167,-51.1,34.34,71,100,8.63,overcast clouds
14,Timra,SE,2022-05-22 04:53:11,62.487,17.3257,42.48,70,40,6.91,scattered clouds
15,Necochea,AR,2022-05-22 04:53:11,-38.5473,-58.7368,48.07,68,0,6.15,clear sky
16,Chuy,UY,2022-05-22 04:51:10,-33.6971,-53.4616,49.86,91,95,5.55,overcast clouds
17,Saint-Philippe,RE,2022-05-22 04:53:12,-21.3585,55.7679,74.79,74,18,9.69,few clouds
18,Sao Filipe,CV,2022-05-22 04:53:12,14.8961,-24.4956,71.19,79,69,6.35,broken clouds
19,New Norfolk,AU,2022-05-22 04:53:13,-42.7826,147.0587,55.92,52,90,1.21,overcast clouds
20,Narsaq,GL,2022-05-22 04:53:13,60.9167,-46.05,39.49,79,100,5.7,overcast clouds
21,Tacuati,PY,2022-05-22 04:53:13,-23.45,-56.5833,53.91,84,99,3.0,overcast clouds
22,Nikolskoye,RU,2022-05-22 04:53:14,59.7035,30.7861,47.88,50,0,6.46,clear sky
23,Alofi,NU,2022-05-22 04:50:35,-19.0595,-169.9187,78.69,83,22,3.44,few clouds
24,Santa Rosalia,MX,2022-05-22 04:53:14,27.3167,-112.2833,72.3,55,100,4.68,overcast clouds
25,Chupa,RU,2022-05-22 04:53:15,66.27,33.0549,34.43,91,100,7.14,light snow
26,Mahebourg,MU,2022-05-22 04:53:15,-20.4081,57.7,73.69,78,40,5.75,scattered clouds
27,Castro,BR,2022-05-22 04:49:40,-24.7911,-50.0119,43.21,82,1,2.86,clear sky
28,Hermanus,ZA,2022-05-22 04:53:16,-34.4187,19.2345,55.98,78,26,6.53,scattered clouds
29,Hervey Bay,AU,2022-05-22 04:53:17,-25.2986,152.8535,69.03,92,66,4.0,light rain
30,Inuvik,CA,2022-05-22 04:53:17,68.3499,-133.7218,34.66,67,100,9.22,overcast clouds
31,Sao Miguel Do Araguaia,BR,2022-05-22 04:53:09,-13.275,-50.1628,58.8,38,0,4.29,clear sky
32,Emporia,US,2022-05-22 04:52:25,38.4039,-96.1817,48.4,71,0,4.61,clear sky
33,Ushuaia,AR,2022-05-22 04:50:03,-54.8,-68.3,37.06,81,0,3.44,clear sky
34,Tautira,PF,2022-05-22 04:53:18,-17.7333,-149.15,79.75,72,23,10.76,few clouds
35,Agboville,CI,2022-05-22 04:53:18,5.928,-4.2132,71.6,99,100,3.13,light rain
36,Taganak,PH,2022-05-22 04:53:19,6.0833,118.3,86.14,75,100,12.82,overcast clouds
37,Tiksi,RU,2022-05-22 04:53:19,71.6872,128.8694,31.39,92,100,4.94,overcast clouds
38,Moba,CN,2022-05-22 04:53:20,33.2288,105.0179,65.28,55,82,5.75,broken clouds
39,Vaini,TO,2022-05-22 04:53:20,-21.2,-175.2,80.76,74,40,6.91,scattered clouds
40,Coquimbo,CL,2022-05-22 04:49:15,-29.9533,-71.3436,55.13,100,100,3.44,overcast clouds
41,San Juan Bautista,PE,2022-05-22 04:53:21,-14.0108,-75.7358,62.94,81,91,2.08,overcast clouds
42,Tasiilaq,GL,2022-05-22 04:53:21,65.6145,-37.6368,27.09,71,51,4.05,broken clouds
43,Winnemucca,US,2022-05-22 04:53:22,40.973,-117.7357,55.45,21,0,5.75,clear sky
44,Port-Gentil,GA,2022-05-22 04:53:22,-0.7193,8.7815,77.76,82,100,11.39,overcast clouds
45,Airai,TL,2022-05-22 04:53:22,-8.9266,125.4092,72.63,55,38,4.45,scattered clouds
46,Punta Arenas,CL,2022-05-22 04:53:23,-53.15,-70.9167,37.51,75,75,3.44,broken clouds
47,Toul,FR,2022-05-22 04:53:23,48.6667,5.9167,52.72,82,0,0.0,clear sky
48,Antofagasta,CL,2022-05-22 04:53:24,-23.65,-70.4,58.28,71,33,6.2,scattered clouds
49,Qaanaaq,GL,2022-05-22 04:54:24,77.484,-69.3632,13.87,86,99,6.04,overcast clouds
50,Kapaa,US,2022-05-22 04:54:25,22.0752,-159.319,77.47,87,28,1.01,scattered clouds
51,Haines Junction,CA,2022-05-22 04:54:25,60.7522,-137.5108,55.35,28,36,10.36,scattered clouds
52,Bethel,US,2022-05-22 04:54:26,41.3712,-73.414,73.27,85,2,2.77,clear sky
53,Georgetown,MY,2022-05-22 04:50:10,5.4112,100.3354,87.75,73,40,9.22,thunderstorm
54,Vostok,RU,2022-05-22 04:52:58,46.4856,135.8833,48.09,96,100,2.55,overcast clouds
55,Pangai,TO,2022-05-22 04:54:26,-19.8,-174.35,78.26,82,97,15.46,overcast clouds
56,Albany,US,2022-05-22 04:50:19,42.6001,-73.9662,74.88,85,61,2.26,broken clouds
57,Ribeira Grande,PT,2022-05-22 04:54:27,38.5167,-28.7,63.99,94,100,1.83,overcast clouds
58,Severo-Kurilsk,RU,2022-05-22 04:53:58,50.6789,156.125,45.46,91,74,12.06,broken clouds
59,Mendoza,AR,2022-05-22 04:54:28,-32.8908,-68.8272,47.73,66,0,2.3,clear sky
60,Alyangula,AU,2022-05-22 04:54:28,-13.8483,136.4192,84.02,63,37,13.09,scattered clouds
61,Busselton,AU,2022-05-22 04:54:29,-33.65,115.3333,68.23,72,53,24.67,broken clouds
62,Benguela,AO,2022-05-22 04:54:29,-12.5763,13.4055,67.91,79,65,1.48,broken clouds
63,Masindi,UG,2022-05-22 04:54:30,1.6744,31.715,65.26,90,100,1.34,overcast clouds
64,Mozarlandia,BR,2022-05-22 04:54:30,-14.7447,-50.5706,57.09,33,1,3.98,clear sky
65,Kodinsk,RU,2022-05-22 04:54:30,58.6881,99.1844,55.04,46,71,10.02,broken clouds
66,East London,ZA,2022-05-22 04:54:31,-33.0153,27.9116,50.94,87,0,3.44,clear sky
67,Talcahuano,CL,2022-05-22 04:54:31,-36.7167,-73.1167,53.28,94,75,5.75,light rain
68,Ixtapa,MX,2022-05-22 04:54:32,20.7,-105.2,70.56,89,6,2.33,clear sky
69,Bredasdorp,ZA,2022-05-22 04:54:32,-34.5322,20.0403,51.35,84,36,6.26,scattered clouds
70,Chemin Grenier,MU,2022-05-22 04:54:33,-20.4872,57.4656,72.99,72,9,14.29,light rain
71,Kaitangata,NZ,2022-05-22 04:54:33,-46.2817,169.8464,45.28,73,64,13.31,broken clouds
72,Hilo,US,2022-05-22 04:54:14,19.7297,-155.09,83.28,91,67,1.01,broken clouds
73,Sivaki,RU,2022-05-22 04:54:34,52.6333,126.75,61.74,40,100,7.25,overcast clouds
74,Pacific Grove,US,2022-05-22 04:54:34,36.6177,-121.9166,55.2,86,30,5.01,scattered clouds
75,Mvuma,ZW,2022-05-22 04:54:35,-19.2792,30.5283,53.82,95,50,3.4,scattered clouds
76,Boddam,GB,2022-05-22 04:54:35,57.4667,-1.7833,53.44,94,100,19.71,overcast clouds
77,Barrow,US,2022-05-22 04:54:36,71.2906,-156.7887,29.97,84,100,9.66,overcast clouds
78,Fortuna,US,2022-05-22 04:54:36,40.5982,-124.1573,51.93,88,100,11.5,overcast clouds
79,Tuktoyaktuk,CA,2022-05-22 04:54:37,69.4541,-133.0374,24.8,80,75,10.36,broken clouds
80,Jamestown,US,2022-05-22 04:54:29,42.097,-79.2353,64.04,93,40,1.99,scattered clouds
81,Kismayo,SO,2022-05-22 04:54:37,-0.3582,42.5454,81.81,76,72,15.86,broken clouds
82,Upernavik,GL,2022-05-22 04:54:38,72.7868,-56.1549,28.45,87,100,2.53,overcast clouds
83,Vanavara,RU,2022-05-22 04:54:38,60.34,102.2797,45.18,86,100,6.46,overcast clouds
84,Medvedevo,RU,2022-05-22 04:54:39,56.6339,47.804,35.6,71,78,7.36,broken clouds
85,Chokurdakh,RU,2022-05-22 04:54:39,70.6333,147.9167,34.45,100,100,1.77,overcast clouds
86,Portland,US,2022-05-22 04:50:56,45.5234,-122.6762,64.38,63,20,9.22,few clouds
87,Kurume,JP,2022-05-22 04:54:40,33.3167,130.5167,86.97,29,37,1.01,scattered clouds
88,Atambua,ID,2022-05-22 04:54:40,-9.1061,124.8925,84.99,52,15,1.43,few clouds
89,Havoysund,NO,2022-05-22 04:54:41,70.9963,24.6622,43.03,75,100,2.59,overcast clouds
90,Krasnoborsk,RU,2022-05-22 04:54:41,61.5598,45.934,35.1,70,100,9.64,overcast clouds
91,Luderitz,NA,2022-05-22 04:54:41,-26.6481,15.1594,55.51,59,4,5.64,clear sky
92,Port Lincoln,AU,2022-05-22 04:56:09,-34.7333,135.8667,63.25,68,84,12.59,broken clouds
93,Sayyan,YE,2022-05-22 04:56:10,15.1718,44.3244,70.29,12,9,16.51,clear sky
94,Coyutla,MX,2022-05-22 04:56:10,20.25,-97.65,78.58,71,1,1.23,clear sky
95,Lachi,PK,2022-05-22 04:56:11,33.3833,71.3386,93.92,14,0,4.76,clear sky
96,Isangel,VU,2022-05-22 04:52:47,-19.55,169.2667,78.51,86,55,12.77,broken clouds
97,Saint-Pierre,RE,2022-05-22 04:56:11,-21.3393,55.4781,75.9,53,0,5.75,clear sky
98,Bengkulu,ID,2022-05-22 04:53:10,-3.8004,102.2655,84.61,65,56,6.44,broken clouds
99,Norman Wells,CA,2022-05-22 04:56:12,65.282,-126.8329,42.84,93,100,3.44,light intensity shower rain
100,Thompson,CA,2022-05-22 04:56:13,55.7435,-97.8558,35.76,64,20,0.0,few clouds
101,Mataura,NZ,2022-05-22 04:56:13,-46.1927,168.8643,42.35,82,68,8.08,broken clouds
102,Broome,US,2022-05-22 04:56:13,42.2506,-75.833,72.68,79,73,3.0,broken clouds
103,Otane,NZ,2022-05-22 04:56:14,-39.8833,176.6333,60.01,62,2,15.55,clear sky
104,Santa Isabel Do Rio Negro,BR,2022-05-22 04:56:14,-0.4139,-65.0192,71.02,100,100,1.97,overcast clouds
105,Cidreira,BR,2022-05-22 04:56:15,-30.1811,-50.2056,55.58,81,97,4.18,overcast clouds
106,Ozerne,UA,2022-05-22 04:56:15,50.1782,28.7338,50.65,84,44,17.69,scattered clouds
107,Banda Aceh,ID,2022-05-22 04:56:16,5.5577,95.3222,86.97,67,15,17.58,light rain
108,Nome,US,2022-05-22 04:56:16,64.5011,-165.4064,62.17,45,96,3.11,overcast clouds
109,Dingle,PH,2022-05-22 04:56:17,10.9995,122.6711,87.94,63,100,6.4,overcast clouds
110,Provideniya,RU,2022-05-22 04:56:17,64.3833,-173.3,49.01,53,99,10.65,overcast clouds
111,Faanui,PF,2022-05-22 04:56:18,-16.4833,-151.75,80.8,72,10,11.43,clear sky
112,Pevek,RU,2022-05-22 04:56:18,69.7008,170.3133,36.91,92,84,5.68,broken clouds
113,Panzhihua,CN,2022-05-22 04:56:19,26.5851,101.7128,71.78,69,100,2.44,overcast clouds
114,Constitucion,CL,2022-05-22 04:56:19,-35.3333,-72.4167,53.08,71,100,4.94,overcast clouds
115,Okha,RU,2022-05-22 04:56:20,53.5739,142.9478,35.29,99,100,4.29,snow
116,Chhatak,BD,2022-05-22 04:56:20,25.0333,91.6667,86.99,71,9,7.05,clear sky
117,Broken Hill,AU,2022-05-22 04:56:21,-31.95,141.4333,65.05,54,22,11.68,few clouds
118,Nyurba,RU,2022-05-22 04:56:22,63.2842,118.3319,63.43,38,80,6.08,broken clouds
119,Mount Isa,AU,2022-05-22 04:56:22,-20.7333,139.5,80.37,34,40,5.75,scattered clouds
120,Yahotyn,UA,2022-05-22 04:56:23,50.2798,31.7625,50.54,75,52,16.93,broken clouds
121,Springdale,US,2022-05-22 04:52:14,36.1867,-94.1288,55.51,93,75,11.99,broken clouds
122,Torbay,CA,2022-05-22 04:56:21,47.6666,-52.7314,52.57,54,100,13.8,overcast clouds
123,Sirur,IN,2022-05-22 04:56:23,18.8333,74.3833,89.46,36,16,24.43,few clouds
124,Khatanga,RU,2022-05-22 04:56:24,71.9667,102.5,36.21,86,100,8.14,overcast clouds
125,Qaqortoq,GL,2022-05-22 04:56:24,60.7167,-46.0333,39.24,82,100,11.39,overcast clouds
126,Pedernales,DO,2022-05-22 04:56:25,18.0384,-71.744,79.63,73,100,3.65,overcast clouds
127,Gisborne,NZ,2022-05-22 04:56:25,-38.6533,178.0042,60.78,62,12,10.31,few clouds
128,Johi,PK,2022-05-22 04:56:26,26.6921,67.6133,110.39,5,0,4.85,clear sky
129,Srednekolymsk,RU,2022-05-22 04:56:26,67.45,153.6833,55.33,48,100,10.42,overcast clouds
130,Atuona,PF,2022-05-22 04:56:27,-9.8,-139.0333,77.61,79,20,8.46,light rain
131,Port Angeles,US,2022-05-22 04:54:42,48.1181,-123.4307,55.42,73,0,9.22,clear sky
132,Marawi,PH,2022-05-22 04:56:27,7.9986,124.2928,78.03,82,89,3.15,overcast clouds
133,Piney Green,US,2022-05-22 04:56:28,34.716,-77.3202,75.9,94,90,5.84,overcast clouds
134,Kolosovka,RU,2022-05-22 04:56:28,56.4678,73.611,67.87,58,66,10.54,broken clouds
135,Ask,NO,2022-05-22 04:56:29,60.0717,11.0345,49.42,95,75,0.0,fog
136,Trelew,AR,2022-05-22 04:56:29,-43.249,-65.3051,58.41,42,74,23.44,broken clouds
137,Homer,US,2022-05-22 04:56:30,59.6425,-151.5483,52.77,52,99,11.01,overcast clouds
138,Kupang,ID,2022-05-22 04:56:30,-10.1667,123.5833,88.05,52,6,11.34,clear sky
139,Kasongo-Lunda,CD,2022-05-22 04:57:31,-6.4667,16.8167,68.32,98,25,1.01,scattered clouds
140,Buraydah,SA,2022-05-22 04:57:31,26.326,43.975,82.85,12,1,9.13,clear sky
141,Skibbereen,IE,2022-05-22 04:57:31,51.55,-9.2667,54.1,94,100,11.95,overcast clouds
142,Sulangan,PH,2022-05-22 04:57:32,11.1373,123.7228,84.16,70,89,2.57,overcast clouds
143,Sikasso,ML,2022-05-22 04:57:32,10.9167,-7.0,75.24,85,100,5.64,overcast clouds
144,Port Alfred,ZA,2022-05-22 04:57:33,-33.5906,26.891,57.06,80,2,5.77,clear sky
145,Nanortalik,GL,2022-05-22 04:57:33,60.1432,-45.2371,39.33,85,100,9.42,overcast clouds
146,Omboue,GA,2022-05-22 04:57:33,-1.5746,9.2618,73.83,90,98,6.24,overcast clouds
147,Sakakah,SA,2022-05-22 04:57:34,29.9697,40.2064,78.37,14,0,12.59,clear sky
148,Altmunster,AT,2022-05-22 04:54:26,47.9022,13.7642,56.12,84,37,0.81,scattered clouds
149,Brufut,GM,2022-05-22 04:57:34,13.3814,-16.7518,71.69,88,75,10.36,broken clouds
150,Tilichiki,RU,2022-05-22 04:57:35,60.4667,166.1,39.27,75,80,3.96,broken clouds
151,Les Cayes,HT,2022-05-22 04:57:35,18.2,-73.75,77.02,87,85,5.82,overcast clouds
152,Valparaiso,CL,2022-05-22 04:57:36,-33.0393,-71.6273,58.48,78,20,3.44,few clouds
153,Hobart,AU,2022-05-22 04:57:36,-42.8794,147.3294,56.26,73,40,11.5,scattered clouds
154,Batagay-Alyta,RU,2022-05-22 04:57:37,67.8006,130.4114,39.79,73,82,1.72,broken clouds
155,Warrington,GB,2022-05-22 04:57:37,53.3925,-2.5802,55.8,78,75,12.66,broken clouds
156,Dikson,RU,2022-05-22 04:57:37,73.5069,80.5464,28.67,88,67,12.62,broken clouds
157,Lagoa,PT,2022-05-22 04:57:38,39.05,-27.9833,61.97,95,100,2.17,overcast clouds
158,Asfi,MA,2022-05-22 04:55:10,32.2994,-9.2372,64.11,90,96,12.84,overcast clouds
159,Sitka,US,2022-05-22 04:57:38,57.0531,-135.33,55.36,64,43,1.48,scattered clouds
160,Khani,GE,2022-05-22 04:57:39,41.9563,42.9566,58.57,41,0,3.56,clear sky
161,Rio Grande,BR,2022-05-22 04:57:39,-32.035,-52.0986,54.05,82,100,6.13,overcast clouds
162,Aljezur,PT,2022-05-22 04:57:40,37.3191,-8.8033,62.38,89,100,11.03,overcast clouds
163,Souillac,MU,2022-05-22 04:57:40,-20.5167,57.5167,73.78,78,40,5.75,light rain
164,Vangaindrano,MG,2022-05-22 04:57:41,-23.35,47.6,67.05,84,5,3.8,clear sky
165,Dieppe,FR,2022-05-22 04:57:41,49.75,1.1667,50.2,87,100,3.71,overcast clouds
166,Clyde River,CA,2022-05-22 04:57:41,70.4692,-68.5914,19.63,93,100,16.11,overcast clouds
167,Port Hardy,CA,2022-05-22 04:57:42,50.6996,-127.4199,50.18,87,20,4.61,fog
168,Salvador,SV,2022-05-22 04:57:43,13.8333,-88.9167,71.06,91,100,1.25,overcast clouds
169,Arraial Do Cabo,BR,2022-05-22 04:57:43,-22.9661,-42.0278,68.47,74,11,6.06,few clouds
170,Half Moon Bay,US,2022-05-22 04:56:23,37.4636,-122.4286,60.89,71,0,8.05,clear sky
171,Pisco,PE,2022-05-22 04:57:44,-13.7,-76.2167,60.03,94,100,2.3,mist
172,Rosario Oeste,BR,2022-05-22 04:57:44,-14.8361,-56.4275,61.34,53,27,2.44,scattered clouds
173,Mar Del Plata,AR,2022-05-22 04:57:45,-38.0023,-57.5575,47.95,92,18,4.61,fog
174,Ahipara,NZ,2022-05-22 04:57:45,-35.1667,173.1667,61.3,72,100,12.33,overcast clouds
175,Ligayan,PH,2022-05-22 04:57:46,4.6533,119.4706,79.81,86,100,17.13,overcast clouds
176,Juneau,US,2022-05-22 04:57:46,58.3019,-134.4197,58.1,56,14,3.78,few clouds
177,Baiyin,CN,2022-05-22 04:57:47,36.5583,104.2081,74.19,28,10,4.45,clear sky
178,Yulara,AU,2022-05-22 04:57:47,-25.2406,130.9889,71.51,26,66,6.93,broken clouds
179,Giddalur,IN,2022-05-22 04:57:48,15.35,78.9167,86.13,54,88,18.97,overcast clouds
180,Cap Malheureux,MU,2022-05-22 04:57:48,-19.9842,57.6142,74.46,79,2,8.99,light rain
181,Esperance,AU,2022-05-22 04:57:49,-33.8667,121.9,74.37,50,22,17.87,few clouds
182,Saint-Francois,FR,2022-05-22 04:57:49,46.4154,3.9054,60.24,72,0,3.44,clear sky
183,Loandjili,CG,2022-05-22 04:57:50,-4.7561,11.8578,72.97,88,97,4.23,overcast clouds
184,Oksfjord,NO,2022-05-22 04:57:51,70.2396,22.3479,46.58,80,96,1.72,overcast clouds
185,Nemuro,JP,2022-05-22 04:57:51,43.3236,145.575,52.18,93,94,13.49,overcast clouds
186,Tateyama,JP,2022-05-22 04:58:51,34.9833,139.8667,65.95,73,83,9.51,broken clouds
187,Ust-Nera,RU,2022-05-22 04:58:52,64.5667,143.2,44.46,59,98,3.24,light rain
188,Cabo San Lucas,MX,2022-05-22 04:54:20,22.8909,-109.9124,73.62,65,1,13.6,clear sky
189,Urucara,BR,2022-05-22 04:58:53,-2.5364,-57.76,70.52,97,59,1.59,broken clouds
190,Pangnirtung,CA,2022-05-22 04:58:53,66.1451,-65.7125,28.17,82,100,8.23,overcast clouds
191,Tiarei,PF,2022-05-22 04:58:54,-17.5333,-149.3333,80.62,72,20,10.94,few clouds
192,Yamada,JP,2022-05-22 04:58:54,39.4667,141.95,59.25,85,100,3.83,overcast clouds
193,Lorengau,PG,2022-05-22 04:58:55,-2.0226,147.2712,86.07,65,95,10.18,overcast clouds
194,Clarence Town,AU,2022-05-22 04:58:56,-32.5833,151.7833,58.86,89,100,5.35,light rain
195,Belmonte,BR,2022-05-22 04:58:56,-15.8631,-38.8828,70.83,76,22,9.28,few clouds
196,Mirnyy,RU,2022-05-22 04:58:56,62.5353,113.9611,64.24,27,97,11.01,overcast clouds
197,Kukushtan,RU,2022-05-22 04:58:57,57.6464,56.4952,40.62,70,100,12.1,overcast clouds
198,Vila Franca Do Campo,PT,2022-05-22 04:58:57,37.7167,-25.4333,68.2,97,100,3.83,overcast clouds
199,Hamilton,US,2022-05-22 04:56:08,39.1834,-84.5333,67.05,96,100,8.05,light rain
200,Port Said,EG,2022-05-22 04:58:58,31.2565,32.2841,67.98,77,0,12.66,clear sky
201,Tigil,RU,2022-05-22 04:58:58,57.8,158.6667,53.33,62,95,4.29,overcast clouds
202,Puerto Ayora,EC,2022-05-22 04:58:59,-0.7393,-90.3518,71.08,89,56,5.82,broken clouds
203,Impfondo,CG,2022-05-22 04:59:00,1.6381,18.0667,70.43,92,100,2.24,overcast clouds
204,Shimoda,JP,2022-05-22 04:59:00,34.6667,138.95,71.96,75,56,4.65,broken clouds
205,Hithadhoo,MV,2022-05-22 04:59:01,-0.6,73.0833,83.46,69,100,11.03,overcast clouds
206,Laguna,US,2022-05-22 04:59:01,38.421,-121.4238,75.4,36,0,5.75,clear sky
207,Ayia Marina,GR,2022-05-22 04:59:02,37.75,23.5333,75.54,63,35,11.23,scattered clouds
208,Ormara,PK,2022-05-22 04:59:02,25.2088,64.6357,82.96,85,22,15.61,few clouds
209,Sobolevo,RU,2022-05-22 04:59:02,54.4299,31.8996,44.94,91,100,12.48,overcast clouds
210,Bambous Virieux,MU,2022-05-22 04:59:03,-20.3428,57.7575,74.21,78,40,5.75,light rain
211,La Paz,BO,2022-05-22 04:59:03,-16.5,-68.15,33.78,74,77,5.75,broken clouds
212,Khudumelapye,BW,2022-05-22 04:59:04,-23.8833,24.75,42.87,79,63,7.4,broken clouds
213,Codrington,AU,2022-05-22 04:59:04,-38.2667,141.9667,58.8,62,5,8.66,clear sky
214,Aykhal,RU,2022-05-22 04:59:05,66.0,111.5,55.45,46,17,4.29,few clouds
215,Empangeni,ZA,2022-05-22 04:59:05,-28.762,31.8933,60.75,76,100,15.14,overcast clouds
216,Puerto Escondido,MX,2022-05-22 04:59:06,15.85,-97.0667,79.41,73,74,6.26,broken clouds
217,Lebu,CL,2022-05-22 04:59:06,-37.6167,-73.65,52.79,89,97,15.01,light rain
218,Lompoc,US,2022-05-22 04:59:06,34.6391,-120.4579,55.54,85,100,6.91,overcast clouds
219,Zaoyang,CN,2022-05-22 04:59:07,32.1272,112.7542,82.9,43,100,7.96,overcast clouds
220,Nova Olinda Do Norte,BR,2022-05-22 04:59:08,-3.8881,-59.0942,69.31,96,46,1.79,scattered clouds
221,Izumo,JP,2022-05-22 04:59:09,35.3667,132.7667,78.75,60,20,19.57,few clouds
222,Bonthe,SL,2022-05-22 04:59:09,7.5264,-12.505,76.98,89,100,5.37,moderate rain
223,Port Keats,AU,2022-05-22 04:59:10,-14.25,129.55,92.19,30,3,1.57,clear sky
224,Katsuura,JP,2022-05-22 04:59:10,35.1333,140.3,67.3,71,89,12.12,overcast clouds
225,Saint-Augustin,CA,2022-05-22 04:59:11,51.226,-58.6502,45.05,93,100,16.04,overcast clouds
226,Guilford,US,2022-05-22 04:59:12,36.0668,-79.7998,69.06,80,96,5.82,overcast clouds
227,Berlevag,NO,2022-05-22 04:57:58,70.8578,29.0864,40.95,87,100,0.0,overcast clouds
228,Baykit,RU,2022-05-22 04:59:13,61.67,96.37,53.33,78,100,4.99,overcast clouds
229,Maneadero,MX,2022-05-22 04:59:13,31.7167,-116.5667,56.46,86,28,1.57,scattered clouds
230,Vilcun,CL,2022-05-22 04:59:14,-38.65,-72.2333,50.74,72,89,9.31,overcast clouds
231,Viedma,AR,2022-05-22 05:00:23,-40.8135,-62.9967,54.57,43,100,15.19,overcast clouds
232,Narovchat,RU,2022-05-22 05:00:37,53.8765,43.6946,44.46,75,81,10.83,broken clouds
233,Canutama,BR,2022-05-22 05:00:55,-6.5339,-64.3831,74.68,81,92,1.16,overcast clouds
234,Sao Gabriel Da Cachoeira,BR,2022-05-22 05:01:13,-0.1303,-67.0892,69.37,100,100,1.83,overcast clouds
235,Laje,BR,2022-05-22 05:01:20,-10.1833,-40.9667,65.21,90,20,9.24,few clouds
236,La Rochelle,FR,2022-05-22 05:01:27,46.1667,-1.15,66.27,63,0,8.05,light rain
237,Klyuchi,RU,2022-05-22 05:01:27,52.2667,79.1667,75.33,39,100,12.44,overcast clouds
238,Richards Bay,ZA,2022-05-22 05:01:35,-28.783,32.0377,62.6,78,100,19.48,overcast clouds
239,Colares,PT,2022-05-22 05:01:41,38.7992,-9.4469,64.33,82,100,25.01,overcast clouds
240,Micheweni,TZ,2022-05-22 05:01:47,-4.9667,39.8333,80.62,76,100,9.98,light rain
241,Boundiali,CI,2022-05-22 05:01:56,9.5217,-6.4869,71.8,91,99,7.43,overcast clouds
242,Natitingou,BJ,2022-05-22 05:01:57,10.3042,1.3796,72.64,80,95,4.54,overcast clouds
243,Vao,NC,2022-05-22 05:01:59,-22.6667,167.4833,73.94,86,65,24.7,broken clouds
244,Sechura,PE,2022-05-22 05:02:01,-5.5569,-80.8222,66.13,80,88,14.56,overcast clouds
245,Carnarvon,AU,2022-05-22 05:02:07,-24.8667,113.6333,76.28,60,13,22.35,few clouds
246,Geraldton,AU,2022-05-22 05:02:14,-28.7667,114.6,66.61,82,100,36.82,light rain
247,Smoky Lake,CA,2022-05-22 04:58:42,54.1169,-112.4686,50.72,27,47,3.44,scattered clouds
248,Inhambane,MZ,2022-05-22 05:02:17,-23.865,35.3833,69.58,94,100,9.91,moderate rain
249,North Bend,US,2022-05-22 05:02:18,43.4065,-124.2243,51.85,100,38,1.99,scattered clouds
250,Hurghada,EG,2022-05-22 05:02:19,27.2574,33.8129,76.21,38,14,28.12,few clouds
251,Port Macquarie,AU,2022-05-22 05:02:19,-31.4333,152.9167,58.89,100,100,5.75,light rain
252,Kharp,RU,2022-05-22 05:02:20,66.8014,65.8081,35.53,59,100,14.61,overcast clouds
253,Shubarshi,KZ,2022-05-22 05:02:20,48.5872,57.1869,51.62,46,7,12.93,clear sky
254,Beringovskiy,RU,2022-05-22 05:02:21,63.05,179.3167,38.01,82,100,9.4,overcast clouds
255,Avarua,CK,2022-05-22 04:58:39,-21.2078,-159.775,77.05,83,75,3.44,broken clouds
256,Sandwick,GB,2022-05-22 05:02:22,60.0,-1.25,49.82,93,100,8.05,light rain
257,Rio Gallegos,AR,2022-05-22 05:02:22,-51.6226,-69.2181,39.31,59,75,19.26,broken clouds
258,Menongue,AO,2022-05-22 05:02:23,-14.6585,17.691,46.76,47,42,4.16,scattered clouds
259,Liverpool,GB,2022-05-22 05:02:23,53.4106,-2.9779,55.53,80,75,13.8,broken clouds
260,Leh,IN,2022-05-22 05:02:24,34.1667,77.5833,49.86,37,26,3.87,scattered clouds
261,Veraval,IN,2022-05-22 05:02:24,20.9,70.3667,86.49,66,96,19.84,overcast clouds
262,Lannion,FR,2022-05-22 05:02:24,48.75,-3.4167,54.68,88,92,6.4,overcast clouds
263,Yancheng,CN,2022-05-22 05:02:25,33.3856,120.1253,87.93,29,100,7.65,light rain
264,Calabozo,VE,2022-05-22 05:02:25,8.9242,-67.4293,78.66,68,34,8.32,scattered clouds
265,Te Anau,NZ,2022-05-22 05:01:15,-45.4167,167.7167,42.4,79,52,4.29,broken clouds
266,Yanam,IN,2022-05-22 05:02:26,16.7333,82.2167,99.23,34,95,9.22,overcast clouds
267,Guanare,VE,2022-05-22 05:02:27,9.0418,-69.7421,78.82,83,22,1.14,few clouds
268,Xining,CN,2022-05-22 05:00:20,36.6167,101.7667,69.08,30,0,3.67,clear sky
269,Antalaha,MG,2022-05-22 05:02:27,-14.9003,50.2788,74.32,90,97,9.62,light rain
270,Riverton,US,2022-05-22 05:02:28,40.5219,-111.9391,54.19,33,0,7.0,clear sky
271,Yeghegnavan,AM,2022-05-22 05:02:28,39.838,44.6253,61.2,31,0,1.39,clear sky
272,Kahului,US,2022-05-22 05:02:29,20.8947,-156.47,76.96,81,12,15.01,few clouds
273,Udachnyy,RU,2022-05-22 05:02:29,66.4167,112.4,57.11,41,18,4.09,few clouds
274,Dryden,CA,2022-05-22 05:02:30,49.7833,-92.7503,37.69,81,100,3.44,overcast clouds
275,Davila,PH,2022-05-22 05:03:30,18.4726,120.5763,83.62,73,91,4.99,overcast clouds
276,Henties Bay,NA,2022-05-22 05:03:31,-22.116,14.2845,59.68,44,6,5.32,clear sky
277,Egvekinot,RU,2022-05-22 05:03:31,66.3167,-179.1667,48.52,50,63,2.86,broken clouds
278,Zyryanka,RU,2022-05-22 05:03:32,65.75,150.85,56.57,36,98,9.48,overcast clouds
279,Kulhudhuffushi,MV,2022-05-22 05:03:32,6.6221,73.07,83.68,75,47,14.81,scattered clouds
280,Coahuayana,MX,2022-05-22 05:03:32,18.7333,-103.6833,75.2,82,57,2.17,broken clouds
281,Margate,GB,2022-05-22 05:03:19,51.3813,1.3862,53.69,89,73,1.01,broken clouds
282,Mehamn,NO,2022-05-22 05:03:33,71.0357,27.8492,40.91,96,100,5.91,overcast clouds
283,Ati,TD,2022-05-22 05:03:34,13.2154,18.3353,81.73,16,65,4.7,broken clouds
284,Ushirombo,TZ,2022-05-22 05:03:34,-3.4919,31.9639,65.64,76,100,3.06,overcast clouds
285,Krasnodar,RU,2022-05-22 05:03:35,45.0,40.0,61.72,66,32,11.81,scattered clouds
286,Rzhaksa,RU,2022-05-22 05:03:35,52.1338,42.0264,43.84,89,100,12.19,overcast clouds
287,Russell,US,2022-05-22 05:03:36,32.3502,-85.1999,72.63,94,0,4.61,clear sky
288,Santiago De Chuco,PE,2022-05-22 05:03:36,-8.15,-78.1833,47.89,86,50,2.15,scattered clouds
289,San Patricio,US,2022-05-22 05:03:37,28.017,-97.5169,82.83,93,32,13.85,scattered clouds
290,Mecca,SA,2022-05-22 05:02:01,21.4267,39.8261,94.77,17,2,2.98,clear sky
291,Rocha,UY,2022-05-22 05:03:37,-34.4833,-54.3333,48.24,89,0,3.94,clear sky
292,Ryazhsk,RU,2022-05-22 05:03:38,53.7038,40.1109,47.59,68,100,11.56,overcast clouds
293,Moussoro,TD,2022-05-22 05:03:38,13.6408,16.4901,79.65,17,47,7.54,scattered clouds
294,Bom Jesus,BR,2022-05-22 05:03:39,-9.0744,-44.3586,67.68,86,22,1.23,few clouds
295,Moerai,PF,2022-05-22 05:03:39,-22.4333,-151.3333,77.79,74,12,8.46,light rain
296,Stephenville,US,2022-05-22 05:03:39,32.2207,-98.2023,63.25,67,75,12.66,broken clouds
297,Fatick,SN,2022-05-22 05:03:40,14.3581,-16.5858,69.24,85,100,8.08,overcast clouds
298,Mokhsogollokh,RU,2022-05-22 05:03:40,61.4681,128.9203,59.32,34,43,4.45,scattered clouds
299,Sokoto,NG,2022-05-22 05:03:41,13.0609,5.239,84.18,48,47,6.89,scattered clouds
300,Sao Joao Da Barra,BR,2022-05-22 05:03:41,-21.6403,-41.0511,63.0,89,13,5.44,few clouds
301,Bowen,AU,2022-05-22 05:03:42,-20.0167,148.2333,77.2,70,62,16.11,broken clouds
302,Grand-Santi,GF,2022-05-22 05:03:42,4.25,-54.3833,71.78,100,100,1.88,overcast clouds
303,Maningrida,AU,2022-05-22 05:03:43,-12.0667,134.2667,89.49,45,48,10.42,scattered clouds
304,La Ronge,CA,2022-05-22 05:03:43,55.1001,-105.2842,41.18,46,81,6.64,broken clouds
305,Labrea,BR,2022-05-22 05:03:44,-7.2586,-64.7981,73.44,80,40,1.1,scattered clouds
306,Siguiri,GN,2022-05-22 05:03:44,11.6667,-9.5,75.25,76,100,5.48,overcast clouds
307,Benghazi,LY,2022-05-22 05:03:36,32.1167,20.0667,65.68,80,0,10.31,clear sky
308,Aden,YE,2022-05-22 05:00:03,12.7794,45.0367,86.43,72,35,9.78,scattered clouds
309,Grindavik,IS,2022-05-22 05:03:45,63.8424,-22.4338,43.27,87,0,24.16,clear sky
310,Kurilsk,RU,2022-05-22 05:03:46,45.2333,147.8833,55.45,75,26,13.56,scattered clouds
311,Labuhan,ID,2022-05-22 05:03:46,-6.8844,112.2051,86.88,64,63,10.96,broken clouds
312,Hondo,JP,2022-05-22 05:03:47,32.45,130.2,71.8,70,98,5.61,overcast clouds
313,Kijang,KR,2022-05-22 05:03:47,35.2442,129.2139,80.64,43,0,10.16,clear sky
314,High Level,CA,2022-05-22 05:00:32,58.5169,-117.136,48.25,65,99,4.03,light rain
315,Marsh Harbour,BS,2022-05-22 05:03:48,26.5412,-77.0636,78.51,87,29,13.29,scattered clouds
316,Amahai,ID,2022-05-22 05:03:48,-3.3333,128.9167,83.82,74,52,6.8,broken clouds
317,Itoman,JP,2022-05-22 05:03:49,26.1247,127.6694,81.37,72,40,12.66,scattered clouds
318,Ambunti,PG,2022-05-22 05:03:49,-4.2365,142.8448,92.53,48,99,3.38,overcast clouds
319,Itauna,BR,2022-05-22 04:59:57,-20.0753,-44.5764,49.14,84,1,3.94,clear sky
320,Salekhard,RU,2022-05-22 05:04:50,66.53,66.6019,35.71,60,100,21.23,overcast clouds
321,Vanimo,PG,2022-05-22 05:04:50,-2.6741,141.3028,83.25,73,100,3.91,overcast clouds
322,Kota Belud,MY,2022-05-22 05:04:50,6.351,116.4305,84.24,77,98,4.03,overcast clouds
323,Bend,US,2022-05-22 05:04:51,44.0582,-121.3153,50.25,65,40,8.05,scattered clouds
324,Vila Velha,BR,2022-05-22 05:04:51,-20.3297,-40.2925,60.75,94,40,2.3,scattered clouds
325,Iqaluit,CA,2022-05-22 05:04:52,63.7506,-68.5145,31.73,86,100,21.85,overcast clouds
326,Roros,NO,2022-05-22 05:04:53,62.5747,11.3842,40.84,75,75,2.3,broken clouds
327,Guerrero Negro,MX,2022-05-22 05:04:40,27.9769,-114.0611,60.64,78,96,13.58,overcast clouds
328,Kosh-Agach,RU,2022-05-22 05:04:53,50.0,88.6667,69.78,19,100,4.23,overcast clouds
329,Penticton,CA,2022-05-22 05:02:38,49.4806,-119.5858,51.75,81,20,1.66,few clouds
330,Mogadishu,SO,2022-05-22 05:04:54,2.0371,45.3438,81.1,78,75,16.82,broken clouds
331,Huarmey,PE,2022-05-22 05:04:55,-10.0681,-78.1522,64.49,87,36,7.45,scattered clouds
332,Gongzhuling,CN,2022-05-22 05:04:55,43.5008,124.8198,77.68,22,51,6.4,broken clouds
333,Vestmannaeyjar,IS,2022-05-22 05:03:13,63.4427,-20.2734,47.88,79,14,10.71,few clouds
334,Honningsvag,NO,2022-05-22 05:04:56,70.9821,25.9704,42.55,81,60,8.05,broken clouds
335,Bannur,IN,2022-05-22 05:04:56,12.3308,76.8631,77.92,67,98,13.33,overcast clouds
336,Torquay,GB,2022-05-22 05:04:56,50.4638,-3.5143,51.69,88,77,1.99,broken clouds
337,Kerch,UA,2022-05-22 05:01:54,45.3583,36.4758,59.76,75,70,18.39,broken clouds
338,Thinadhoo,MV,2022-05-22 05:04:57,0.5333,72.9333,83.52,72,100,10.45,overcast clouds
339,Ilanskiy,RU,2022-05-22 05:04:58,56.2358,96.065,65.37,42,68,11.18,broken clouds
340,College,US,2022-05-22 05:04:58,64.8569,-147.8028,66.52,35,75,12.66,broken clouds
341,Caravelas,BR,2022-05-22 05:04:59,-17.7125,-39.2481,70.29,73,0,6.69,clear sky
342,Cayenne,GF,2022-05-22 05:04:59,4.9333,-52.3333,76.08,1,0,0.0,clear sky
343,Walvis Bay,NA,2022-05-22 05:04:59,-22.9575,14.5053,59.7,38,5,6.98,clear sky
344,Padang,ID,2022-05-22 05:05:00,-0.9492,100.3543,87.85,68,74,5.59,broken clouds
345,Jinka,ET,2022-05-22 05:05:00,5.65,36.65,63.84,93,98,2.04,light rain
346,Sheffield,GB,2022-05-22 05:02:38,53.383,-1.4659,54.61,83,100,7.25,overcast clouds
347,Ancud,CL,2022-05-22 05:05:01,-41.8697,-73.8203,53.01,95,100,23.58,heavy intensity rain
348,Le Gosier,GP,2022-05-22 05:05:01,16.2069,-61.4933,78.51,83,40,5.75,scattered clouds
349,Yarmouth,US,2022-05-22 05:05:02,41.7057,-70.2286,67.96,93,0,10.0,mist
350,Puerto Lempira,HN,2022-05-22 05:05:02,15.2667,-83.7667,77.58,92,100,8.32,overcast clouds
351,Ponta Delgada,PT,2022-05-22 05:05:03,37.7333,-25.6667,68.5,94,75,4.61,light intensity drizzle
352,Saint Anthony,US,2022-05-22 05:05:03,45.0205,-93.218,46.92,58,100,9.22,overcast clouds
353,Grand Gaube,MU,2022-05-22 05:05:04,-20.0064,57.6608,77.4,78,3,5.99,light rain
354,Sharjah,AE,2022-05-22 05:02:14,25.3573,55.4033,89.96,51,0,14.25,clear sky
355,Aquin,HT,2022-05-22 05:05:04,18.2833,-73.4,76.98,87,86,6.62,overcast clouds
356,Olden,NO,2022-05-22 05:05:05,61.8364,6.8064,50.74,96,100,4.83,overcast clouds
357,Fort Nelson,CA,2022-05-22 05:05:05,58.8053,-122.7002,51.67,56,98,4.29,light rain
358,Belyy Yar,RU,2022-05-22 05:05:06,53.6039,91.3903,81.86,26,0,11.18,clear sky
359,Maldonado,UY,2022-05-22 05:05:06,-34.6667,-54.9167,51.22,88,1,4.38,clear sky
360,Blackwater,AU,2022-05-22 05:02:56,-23.5833,148.8833,68.76,71,89,11.32,overcast clouds
361,Bulolo,PG,2022-05-22 05:05:07,-7.2,146.65,86.97,48,24,3.69,few clouds
362,Saint-Georges,GD,2022-05-22 05:05:07,12.0564,-61.7485,80.29,70,42,16.51,scattered clouds
363,Hasaki,JP,2022-05-22 05:06:08,35.7333,140.8333,70.2,79,90,20.51,overcast clouds
364,Sao Pedro,BR,2022-05-22 05:06:08,-22.5486,-47.9139,50.04,73,2,2.53,clear sky
365,Sete,FR,2022-05-22 05:06:09,43.4018,3.6966,63.95,81,48,4.7,scattered clouds
366,Dauphin,CA,2022-05-22 05:06:09,51.1494,-100.0502,37.44,76,14,6.33,few clouds
367,Razole,IN,2022-05-22 05:06:10,16.4833,81.8333,99.16,34,80,11.14,broken clouds
368,Aksu,CN,2022-05-22 05:06:10,41.1231,80.2644,83.82,17,100,13.87,overcast clouds
369,Victoria,HK,2022-05-22 05:04:55,22.2855,114.1577,82.45,82,97,17.0,overcast clouds
370,Ponta Do Sol,PT,2022-05-22 05:06:11,32.6667,-17.1,65.71,77,64,3.29,broken clouds
371,Zhigansk,RU,2022-05-22 05:06:11,66.7697,123.3711,48.79,47,39,6.62,scattered clouds
372,Kyren,RU,2022-05-22 05:06:12,51.6828,102.1408,76.1,24,22,1.5,few clouds
373,Sinnamary,GF,2022-05-22 05:06:12,5.3833,-52.95,76.69,89,100,9.42,overcast clouds
374,Tuatapere,NZ,2022-05-22 05:06:13,-46.1333,167.6833,44.87,75,63,13.6,broken clouds
375,Boguchany,RU,2022-05-22 05:06:13,58.3814,97.4531,59.92,39,58,10.94,broken clouds
376,Vysokogornyy,RU,2022-05-22 05:06:14,50.1167,139.15,42.53,96,100,2.93,overcast clouds
377,Westport,US,2022-05-22 05:03:31,41.1415,-73.3579,75.45,89,0,0.0,clear sky
378,Kyshtovka,RU,2022-05-22 05:06:14,56.555,76.6271,75.11,39,99,16.08,overcast clouds
379,Namibe,AO,2022-05-22 05:06:15,-15.1961,12.1522,66.33,63,42,1.79,scattered clouds
380,Bodrum,TR,2022-05-22 05:04:04,37.0383,27.4292,69.28,64,71,8.08,broken clouds
381,La Seyne-Sur-Mer,FR,2022-05-22 05:06:15,43.0982,5.8847,69.89,89,7,4.09,clear sky
382,Tomatlan,MX,2022-05-22 05:06:16,19.9333,-105.25,69.6,92,0,1.19,clear sky
383,Bahua,IN,2022-05-22 05:06:16,25.85,80.6333,103.64,18,7,10.49,clear sky
384,Collie,AU,2022-05-22 05:06:17,-33.3667,116.15,74.86,35,8,12.8,moderate rain
385,Taoudenni,ML,2022-05-22 05:06:17,22.6783,-3.9836,85.12,11,0,12.08,clear sky
386,Palana,RU,2022-05-22 05:06:18,59.1167,159.9667,39.85,84,99,3.8,overcast clouds
387,Mareeba,AU,2022-05-22 05:06:18,-17.0,145.4333,81.45,72,57,3.87,broken clouds
388,Harper,LR,2022-05-22 05:06:19,4.375,-7.7169,75.54,88,100,3.47,moderate rain
389,San Jose,US,2022-05-22 05:04:26,37.3394,-121.895,64.58,64,0,6.91,clear sky
390,Makakilo City,US,2022-05-22 05:06:19,21.3469,-158.0858,80.92,60,0,16.11,clear sky
391,Kalmunai,LK,2022-05-22 05:06:20,7.4167,81.8167,88.45,58,99,1.19,overcast clouds
392,Palauig,PH,2022-05-22 05:06:20,15.435,119.9045,84.67,71,99,10.56,overcast clouds
393,Nantucket,US,2022-05-22 05:04:44,41.2835,-70.0995,62.74,93,0,9.22,mist
394,Thessalon,CA,2022-05-22 05:06:21,46.2501,-83.5666,43.09,77,100,8.08,overcast clouds
395,Martvili,GE,2022-05-22 05:06:22,42.4144,42.3792,64.45,52,0,6.29,clear sky
396,Salina Cruz,MX,2022-05-22 05:04:43,16.1667,-95.2,80.58,75,63,9.66,broken clouds
397,Verkhoyansk,RU,2022-05-22 05:06:22,67.5447,133.385,52.0,47,100,1.28,light rain
398,Malakal,SS,2022-05-22 05:01:55,9.5334,31.6605,78.1,69,98,5.17,overcast clouds
399,Kharovsk,RU,2022-05-22 05:06:23,59.9642,40.1912,34.99,54,86,9.8,overcast clouds
400,Kodiak,US,2022-05-22 05:06:23,57.79,-152.4072,45.91,93,100,16.11,light rain
401,Vardo,NO,2022-05-22 05:06:24,70.3705,31.1107,39.18,87,100,18.41,overcast clouds
402,Chifeng,CN,2022-05-22 05:06:24,42.2683,118.9636,81.82,16,3,6.8,clear sky
403,Catuday,PH,2022-05-22 05:06:25,16.2923,119.8062,82.9,72,100,12.73,overcast clouds
404,Santa Luzia,BR,2022-05-22 05:05:09,-19.7697,-43.8514,56.3,86,0,4.41,clear sky
405,Talnakh,RU,2022-05-22 05:06:25,69.4865,88.3972,47.21,86,99,6.8,overcast clouds
406,Salalah,OM,2022-05-22 05:02:40,17.0151,54.0924,84.13,70,49,6.29,scattered clouds
407,Smithers,CA,2022-05-22 05:06:26,54.7804,-127.1743,49.66,53,15,1.88,few clouds
408,Salinopolis,BR,2022-05-22 05:06:26,-0.6136,-47.3561,75.96,87,19,4.12,few clouds
409,Port Blair,IN,2022-05-22 05:06:27,11.6667,92.75,87.84,74,75,17.27,mist
410,Whitehorse,CA,2022-05-22 05:07:34,60.7161,-135.0538,55.81,32,26,3.0,scattered clouds
411,Unai,BR,2022-05-22 05:07:34,-16.3575,-46.9061,54.86,55,2,1.03,clear sky
412,Narasimharajapura,IN,2022-05-22 05:07:35,13.6167,75.5167,78.67,73,97,9.08,overcast clouds
413,Ulaangom,MN,2022-05-22 05:07:36,49.9811,92.0667,74.44,21,46,9.78,scattered clouds
414,Brae,GB,2022-05-22 05:03:10,60.3964,-1.353,49.71,89,100,7.54,light rain
415,Yar-Sale,RU,2022-05-22 05:07:36,66.8333,70.8333,35.83,67,100,15.12,overcast clouds
416,Guru Har Sahai,IN,2022-05-22 05:06:14,30.7167,74.4167,104.05,14,0,1.43,clear sky
417,Kaifeng,CN,2022-05-22 05:07:37,34.7911,114.3483,90.93,22,100,11.86,overcast clouds
418,Jumla,NP,2022-05-22 05:07:37,29.2747,82.1838,64.58,44,96,6.35,overcast clouds
419,Namwala,ZM,2022-05-22 05:07:38,-15.7504,26.4384,51.21,44,24,4.61,few clouds
420,Papayal,PE,2022-05-22 05:07:38,-4.0761,-80.7361,70.14,79,59,2.64,broken clouds
421,Olafsvik,IS,2022-05-22 05:07:38,64.8945,-23.7142,40.24,84,53,18.39,broken clouds
422,Palmerston,AU,2022-05-22 05:07:39,-12.486,130.9833,91.89,39,0,10.36,clear sky
423,North Myrtle Beach,US,2022-05-22 05:07:39,33.816,-78.68,75.38,86,0,13.8,clear sky
424,Yerbogachen,RU,2022-05-22 05:07:40,61.2767,108.0108,58.78,64,84,8.46,light rain
425,Petropavlovsk-Kamchatskiy,RU,2022-05-22 05:07:40,53.0452,158.6483,46.99,76,75,8.95,broken clouds
426,Pathein,MM,2022-05-22 05:07:41,16.7833,94.7333,90.66,63,71,17.16,broken clouds
427,Seoul,KR,2022-05-22 05:07:41,37.5683,126.9778,78.19,46,3,11.41,clear sky
428,Changtu,CN,2022-05-22 05:07:42,42.7788,124.0955,80.28,23,27,7.52,scattered clouds
429,Cuitlahuac,MX,2022-05-22 05:07:42,18.8167,-96.7167,79.77,63,65,1.99,broken clouds
430,Kabo,CF,2022-05-22 05:07:42,7.6994,18.629,74.21,83,99,3.8,overcast clouds
431,Pula,HR,2022-05-22 05:07:43,44.8683,13.8481,61.36,94,0,1.14,clear sky
432,Zeya,RU,2022-05-22 05:07:43,53.75,127.2667,62.87,36,100,5.64,overcast clouds
433,Ihosy,MG,2022-05-22 05:07:44,-22.4,46.1167,61.74,79,52,3.31,broken clouds
434,Belaya Gora,RU,2022-05-22 05:07:44,68.5333,146.4167,48.87,71,100,7.96,overcast clouds
435,Korgen,NO,2022-05-22 05:07:45,66.0771,13.8153,44.19,89,100,1.48,light rain
436,San Vicente,AR,2022-05-22 05:07:45,-26.6167,-54.1333,46.67,84,42,2.15,scattered clouds
437,Solnechnyy,RU,2022-05-22 05:07:45,50.7214,136.6319,43.47,80,99,8.77,overcast clouds
438,Artemisa,CU,2022-05-22 05:07:46,22.814,-82.7561,77.27,87,63,5.08,broken clouds
439,Krasavino,RU,2022-05-22 05:07:46,60.9614,46.4814,34.88,70,100,10.8,overcast clouds
440,Phalaborwa,ZA,2022-05-22 05:07:47,-23.943,31.1411,59.81,87,95,5.12,light rain
441,Conde,BR,2022-05-22 05:07:47,-7.2597,-34.9075,74.66,94,40,8.05,scattered clouds
442,Stolin,BY,2022-05-22 05:07:48,51.8912,26.846,49.33,80,99,16.08,overcast clouds
443,Mabaruma,GY,2022-05-22 05:03:14,8.2,-59.7833,72.93,96,100,4.9,overcast clouds
444,Kirakira,SB,2022-05-22 05:07:48,-10.4544,161.9205,83.75,70,19,4.85,few clouds
445,Adrar,MR,2022-05-22 05:07:49,20.5022,-10.0711,85.78,11,1,7.65,clear sky
446,Nipawin,CA,2022-05-22 05:07:49,53.3668,-104.0009,44.71,53,95,7.07,overcast clouds
447,Santa Barbara,US,2022-05-22 05:03:15,34.7333,-120.0343,52.34,85,0,5.75,mist
448,Saint-Leu,RE,2022-05-22 05:07:50,-21.15,55.2833,76.32,66,7,2.73,clear sky
449,Megion,RU,2022-05-22 05:07:50,61.0296,76.1136,60.82,51,99,24.2,overcast clouds
450,Dese,ET,2022-05-22 05:07:51,11.1333,39.6333,66.58,24,74,2.84,broken clouds
451,Lavrentiya,RU,2022-05-22 05:07:51,65.5833,-171.0,37.92,83,99,9.48,overcast clouds
452,Bafra,TR,2022-05-22 05:07:52,41.5678,35.9069,71.31,62,0,3.22,clear sky
453,Olga,RU,2022-05-22 05:07:52,43.7444,135.2892,64.2,61,83,5.57,broken clouds
454,Gat,IL,2022-05-22 05:07:53,31.61,34.7642,70.48,100,58,10.29,broken clouds
455,San Carlos De Bariloche,AR,2022-05-22 05:07:53,-41.1456,-71.3082,44.24,74,98,15.35,moderate rain
456,Olyka,UA,2022-05-22 05:07:53,50.7186,25.8125,52.93,82,67,18.9,broken clouds
457,Flin Flon,CA,2022-05-22 05:07:54,54.7682,-101.865,41.94,48,43,5.06,scattered clouds
458,Mitu,CO,2022-05-22 05:08:54,1.1983,-70.1733,70.39,100,100,0.92,overcast clouds
459,Mildura,AU,2022-05-22 05:08:55,-34.2,142.15,70.07,55,18,11.7,few clouds
460,Aktanysh,RU,2022-05-22 05:08:55,55.7216,54.0829,37.15,99,100,9.71,light rain
461,Umm Lajj,SA,2022-05-22 05:08:56,25.0213,37.2685,81.18,68,0,13.73,clear sky
462,Hambantota,LK,2022-05-22 05:08:56,6.1241,81.1185,86.34,79,20,14.97,few clouds
463,Rapina,EE,2022-05-22 05:08:56,58.0981,27.4636,46.09,60,62,7.92,broken clouds
464,Bandarbeyla,SO,2022-05-22 05:08:57,9.4942,50.8122,89.38,53,94,21.52,overcast clouds
465,Terra Santa,BR,2022-05-22 05:08:57,-2.1042,-56.4869,72.28,96,83,1.16,broken clouds
466,Kavieng,PG,2022-05-22 05:08:58,-2.5744,150.7967,85.01,64,96,13.29,overcast clouds
467,Goundam,ML,2022-05-22 05:08:58,16.4145,-3.6708,85.24,46,61,7.05,broken clouds
468,Kamaishi,JP,2022-05-22 05:08:59,39.2667,141.8833,59.02,82,100,4.16,overcast clouds
469,Sept-Iles,CA,2022-05-22 05:06:02,50.2001,-66.3821,46.06,98,92,3.31,overcast clouds
470,Aklavik,CA,2022-05-22 05:08:59,68.2191,-135.0107,34.66,86,99,4.97,overcast clouds
471,Prince Rupert,CA,2022-05-22 05:07:46,54.3161,-130.3201,52.3,63,1,2.91,clear sky
472,Cervo,ES,2022-05-22 05:09:00,43.6702,-7.4101,60.78,98,96,2.55,light rain
473,Bilibino,RU,2022-05-22 05:09:00,68.0546,166.4372,49.71,57,71,8.05,broken clouds
474,Chapada Dos Guimaraes,BR,2022-05-22 05:05:03,-15.4606,-55.7497,49.66,41,19,3.83,few clouds
475,Marienburg,PL,2022-05-22 05:09:01,54.0359,19.0266,54.88,77,79,13.31,broken clouds
476,Raymond Terrace,AU,2022-05-22 05:09:02,-32.75,151.75,58.95,100,75,11.5,moderate rain
477,Bathsheba,BB,2022-05-22 05:09:02,13.2167,-59.5167,78.87,74,67,16.58,broken clouds
478,Kharan,PK,2022-05-22 05:09:03,28.5833,65.4167,93.96,6,0,1.3,clear sky
479,Honolulu,US,2022-05-22 05:07:51,21.3069,-157.8583,82.22,69,20,16.11,few clouds
480,Sabha,LY,2022-05-22 05:09:03,27.0377,14.4283,64.29,23,0,10.54,clear sky
481,Znamenka,RU,2022-05-22 05:09:04,52.4167,41.4311,45.01,92,100,12.97,overcast clouds
482,Rampura,IN,2022-05-22 05:09:04,30.25,75.2333,102.09,17,0,3.96,clear sky
483,Cihuatlan,MX,2022-05-22 05:09:05,19.2366,-104.5651,72.19,88,0,3.47,clear sky
484,Kavaratti,IN,2022-05-22 05:05:52,10.5669,72.642,82.67,80,99,18.45,overcast clouds
485,Beyneu,KZ,2022-05-22 05:09:05,45.3167,55.2,56.71,66,97,14.34,overcast clouds
486,Methoni,GR,2022-05-22 05:09:06,36.8197,21.7049,65.21,75,8,10.71,clear sky
487,Bhanpuri,IN,2022-05-22 05:09:06,21.1,80.9167,101.57,21,1,13.51,clear sky
488,Ukiah,US,2022-05-22 05:09:07,39.1502,-123.2078,64.29,49,0,0.0,clear sky
489,Kruisfontein,ZA,2022-05-22 05:06:04,-34.0033,24.7314,47.88,87,2,4.45,clear sky
490,Leningradskiy,RU,2022-05-22 05:06:10,69.3833,178.4167,34.21,96,97,11.05,overcast clouds
491,Jacobina,BR,2022-05-22 05:09:08,-11.1806,-40.5183,64.54,95,64,4.56,broken clouds
492,Mount Gambier,AU,2022-05-22 05:09:08,-37.8333,140.7667,62.33,52,2,5.1,clear sky
493,Sakaiminato,JP,2022-05-22 05:09:09,35.55,133.2333,71.65,64,0,15.82,clear sky
494,Meulaboh,ID,2022-05-22 05:09:09,4.1363,96.1285,83.84,72,89,3.18,overcast clouds
495,Klaksvik,FO,2022-05-22 05:09:10,62.2266,-6.589,47.32,88,100,12.77,overcast clouds
496,Tual,ID,2022-05-22 05:09:10,-5.6667,132.75,81.03,80,95,13.0,overcast clouds
497,Ler,SS,2022-05-22 05:09:11,8.3018,30.1418,76.87,81,100,2.57,overcast clouds
498,Gondar,ET,2022-05-22 05:09:11,12.6,37.4667,69.87,39,92,2.39,overcast clouds
499,Nizhniy Kuranakh,RU,2022-05-22 05:09:12,58.8353,125.4869,56.62,58,64,3.0,light rain
500,Taltal,CL,2022-05-22 05:09:12,-25.4,-70.4833,61.45,69,13,2.93,few clouds
501,Aleksandrovsk-Sakhalinskiy,RU,2022-05-22 05:09:13,50.8975,142.1561,44.26,100,100,3.58,moderate rain
502,Calella,ES,2022-05-22 05:09:13,41.618,2.6678,79.11,56,94,8.88,overcast clouds
503,Jardim,BR,2022-05-22 05:09:13,-21.4803,-56.1381,53.22,70,64,2.71,broken clouds
504,Ibra,OM,2022-05-22 05:09:14,22.6906,58.5334,93.51,26,0,4.14,clear sky
505,San Juan,AR,2022-05-22 05:09:14,-31.5375,-68.5364,55.49,31,89,4.54,overcast clouds
506,Careva Cuprija,BA,2022-05-22 05:09:15,44.2658,18.4292,60.31,96,99,2.01,overcast clouds
507,Elat,IL,2022-05-22 05:10:15,29.5581,34.9482,74.08,56,50,10.92,scattered clouds
508,Beni,CD,2022-05-22 05:10:16,0.5,29.4667,63.73,98,100,1.63,overcast clouds
509,Havre,FR,2022-05-22 05:10:16,49.5833,0.3333,49.77,87,0,2.3,clear sky
510,Nhlangano,SZ,2022-05-22 05:10:17,-27.1167,31.2,50.05,87,100,3.0,overcast clouds
511,Dunedin,NZ,2022-05-22 05:10:17,-45.8742,170.5036,48.79,64,87,17.0,overcast clouds
512,Jeremie,HT,2022-05-22 05:10:18,18.65,-74.1167,78.39,83,95,4.56,overcast clouds
513,Saint Paul,US,2022-05-22 05:08:01,44.9444,-93.0933,47.55,56,75,9.22,broken clouds
514,Varzelandia,BR,2022-05-22 05:10:19,-15.7014,-44.0275,56.93,52,4,6.98,clear sky
515,Evensk,RU,2022-05-22 05:10:19,61.95,159.2333,38.17,96,100,2.17,overcast clouds
516,Fukue,JP,2022-05-22 05:10:20,32.6881,128.8419,69.8,71,100,13.35,overcast clouds
517,Do Gonbadan,IR,2022-05-22 05:10:20,30.3586,50.7981,90.37,6,0,3.58,clear sky
518,Goderich,CA,2022-05-22 05:10:20,43.7501,-81.7165,51.91,96,100,3.38,overcast clouds
519,Bannu,PK,2022-05-22 05:05:32,32.9854,70.6027,95.59,12,0,4.72,clear sky
520,Agadir,MA,2022-05-22 05:10:21,30.4202,-9.5982,64.85,87,69,2.33,broken clouds
521,Duzce,TR,2022-05-22 05:10:22,40.8389,31.1639,69.71,45,0,1.61,clear sky
522,Alihe,CN,2022-05-22 05:10:22,50.5667,123.7167,75.18,20,100,10.36,overcast clouds
523,Coos Bay,US,2022-05-22 05:10:23,43.3665,-124.2179,51.93,91,100,14.97,overcast clouds
524,Turayf,SA,2022-05-22 05:10:23,31.6725,38.6637,80.44,15,0,20.31,clear sky
525,Pudozh,RU,2022-05-22 05:10:24,61.8099,36.5345,38.82,46,0,8.08,clear sky
526,Acarau,BR,2022-05-22 05:06:18,-2.8856,-40.12,75.04,88,30,8.37,scattered clouds
527,Cairns,AU,2022-05-22 05:07:14,-16.9167,145.7667,86.07,72,40,11.5,scattered clouds
528,Carauari,BR,2022-05-22 05:10:24,-4.8828,-66.8958,71.1,98,74,1.92,broken clouds
529,Touros,BR,2022-05-22 05:06:54,-5.1989,-35.4608,74.68,90,21,10.83,light rain
530,Kabompo,ZM,2022-05-22 05:10:25,-13.5927,24.2008,50.76,53,18,4.63,few clouds
531,Whyalla,AU,2022-05-22 05:10:26,-33.0333,137.5833,65.61,59,10,8.43,clear sky
532,Dogondoutchi,NE,2022-05-22 05:08:09,13.6393,4.0287,86.99,42,91,7.43,overcast clouds
533,Nanchang,CN,2022-05-22 05:10:26,28.6833,115.8833,75.2,70,100,3.38,overcast clouds
534,Sao Jose Da Coroa Grande,BR,2022-05-22 05:10:27,-8.8978,-35.1478,76.78,84,91,13.98,overcast clouds
535,Seduva,LT,2022-05-22 05:10:27,55.7667,23.7667,50.43,96,100,10.49,overcast clouds
536,Mocuba,MZ,2022-05-22 05:10:28,-16.8392,36.9856,68.5,80,26,4.03,scattered clouds
537,Mnogovershinnyy,RU,2022-05-22 05:10:28,53.9353,139.9242,32.2,95,100,6.11,overcast clouds
538,Los Llanos De Aridane,ES,2022-05-22 05:10:29,28.6585,-17.9182,64.15,73,100,11.5,overcast clouds
539,Hvide Sande,DK,2022-05-22 05:10:29,56.0045,8.1294,53.1,84,54,10.74,broken clouds
540,Ust-Kuyga,RU,2022-05-22 05:10:30,70.0167,135.6,38.7,80,57,3.87,broken clouds
541,Turochak,RU,2022-05-22 05:10:30,52.2576,87.1224,78.93,34,100,3.56,overcast clouds
542,Kappeln,DE,2022-05-22 05:10:31,54.6612,9.9313,53.13,92,78,9.35,broken clouds
543,Longyearbyen,SJ,2022-05-22 05:10:31,78.2186,15.6401,35.44,80,75,4.61,light snow
544,Pemba,MZ,2022-05-22 05:10:32,-12.974,40.5178,74.1,100,20,6.91,few clouds
545,Najran,SA,2022-05-22 05:10:32,17.4924,44.1277,85.24,8,31,1.34,scattered clouds
546,Faya,SA,2022-05-22 05:10:33,18.3851,42.4509,75.72,9,31,7.07,scattered clouds
547,Claresholm,CA,2022-05-22 05:10:33,50.0333,-113.5852,34.21,49,76,6.69,broken clouds
548,Alghero,IT,2022-05-22 05:10:34,40.5589,8.3181,55.49,100,0,0.0,clear sky
549,Kudahuvadhoo,MV,2022-05-22 05:10:34,2.6708,72.8944,83.1,77,90,11.72,overcast clouds
550,Langfang,CN,2022-05-22 05:10:35,39.5097,116.6947,97.43,13,20,10.25,few clouds
551,Nuuk,GL,2022-05-22 05:10:35,64.1835,-51.7216,39.81,93,75,35.68,light snow
552,Cherskiy,RU,2022-05-22 05:05:51,68.75,161.3,59.52,35,33,14.65,scattered clouds
553,West Bay,KY,2022-05-22 05:10:03,19.3667,-81.4167,81.07,86,92,1.01,overcast clouds
554,Colac,AU,2022-05-22 05:11:36,-38.3333,143.5833,57.16,51,2,2.55,clear sky
555,Uribia,CO,2022-05-22 05:11:37,11.7139,-72.266,80.89,65,0,21.65,clear sky
556,The Valley,AI,2022-05-22 05:11:37,18.217,-63.0578,80.1,70,96,14.63,overcast clouds
557,Kawalu,ID,2022-05-22 05:11:38,-7.3817,108.2082,77.04,86,97,2.3,overcast clouds
558,Nurota,UZ,2022-05-22 05:11:38,40.5614,65.6886,62.19,35,42,7.38,scattered clouds
559,Los Zacatones,MX,2022-05-22 05:11:39,22.95,-102.05,68.52,22,0,8.25,clear sky
560,Nauta,PE,2022-05-22 05:11:39,-4.5061,-73.5757,72.61,89,88,1.34,overcast clouds
561,Hat Yai,TH,2022-05-22 05:11:40,7.0084,100.4767,91.58,55,75,13.8,broken clouds
562,Khor,RU,2022-05-22 05:11:40,47.8861,134.9464,52.99,73,99,10.11,overcast clouds
563,Shellbrook,CA,2022-05-22 05:11:40,53.2168,-106.4011,41.5,61,58,7.65,broken clouds
564,Mana,GF,2022-05-22 05:11:41,5.6592,-53.7767,76.55,89,100,9.71,overcast clouds
565,Vinh,VN,2022-05-22 05:11:41,18.6667,105.6667,83.64,78,100,3.38,overcast clouds
566,Santa Cruz,BO,2022-05-22 05:11:42,-17.8,-63.1667,67.46,77,75,4.61,broken clouds
567,Izhma,RU,2022-05-22 05:11:42,65.0083,53.9113,35.69,67,100,12.84,overcast clouds
568,Deputatskiy,RU,2022-05-22 05:11:43,69.3,139.9,31.39,100,100,1.36,overcast clouds
569,Maceio,BR,2022-05-22 05:11:43,-9.6658,-35.7353,76.44,83,75,4.61,broken clouds
570,Rey Bouba,CM,2022-05-22 05:11:44,8.6724,14.1786,78.87,71,100,2.73,overcast clouds
571,Tarko-Sale,RU,2022-05-22 05:11:44,64.9225,77.785,50.67,54,99,11.1,overcast clouds
572,Manjacaze,MZ,2022-05-22 05:11:45,-24.7117,33.8828,65.97,95,100,1.34,light rain
573,Soe,ID,2022-05-22 05:11:45,-9.8607,124.284,80.55,47,21,10.09,few clouds
574,Simplicio Mendes,BR,2022-05-22 05:11:46,-7.8539,-41.9103,70.07,78,12,6.89,few clouds
575,Arlit,NE,2022-05-22 05:11:46,18.7369,7.3853,80.69,17,18,2.44,few clouds
576,Tobolsk,RU,2022-05-22 05:11:47,58.2,68.2667,50.56,63,100,15.43,overcast clouds
577,Brookings,US,2022-05-22 05:11:37,44.3114,-96.7984,40.1,94,0,5.75,clear sky
578,Nichinan,JP,2022-05-22 05:11:47,31.6,131.3667,76.19,57,95,6.82,overcast clouds
579,Hami,CN,2022-05-22 05:11:48,42.8,93.45,89.28,12,23,3.96,few clouds
580,Kearney,US,2022-05-22 05:11:48,40.6995,-99.0815,45.16,56,0,0.0,clear sky
581,Agua Verde,MX,2022-05-22 05:11:49,22.9,-106.05,69.89,73,1,1.59,clear sky
582,Alice Springs,AU,2022-05-22 05:11:49,-23.7,133.8833,72.95,32,1,4.61,clear sky
583,Christchurch,NZ,2022-05-22 05:11:50,-43.5333,172.6333,53.91,77,21,8.05,few clouds
584,Mpongwe,ZM,2022-05-22 05:11:50,-13.5091,28.155,57.42,83,53,2.82,broken clouds
585,Teacapan,MX,2022-05-22 05:11:51,22.55,-105.75,71.44,78,0,1.05,clear sky
586,Nola,IT,2022-05-22 05:11:51,40.922,14.5329,67.05,89,2,1.01,clear sky
587,Matagami,CA,2022-05-22 05:11:52,49.7502,-77.6328,39.83,83,95,2.86,overcast clouds
588,Ust-Barguzin,RU,2022-05-22 05:11:52,53.45,108.9833,45.79,81,98,4.29,overcast clouds
589,Wembley,AU,2022-05-22 05:11:53,-31.9333,115.8,74.08,59,0,16.11,moderate rain
590,Kenai,US,2022-05-22 05:11:53,60.5544,-151.2583,61.03,24,100,11.5,overcast clouds
591,La Ligua,CL,2022-05-22 05:11:54,-32.4524,-71.2311,57.18,74,100,1.95,overcast clouds
592,Iguape,BR,2022-05-22 05:11:54,-24.7081,-47.5553,57.04,94,7,4.94,clear sky
593,Praia,CV,2022-05-22 05:11:54,14.9215,-23.5087,70.34,73,20,8.05,few clouds
594,Roswell,US,2022-05-22 05:11:55,34.0232,-84.3616,75.85,76,0,8.05,clear sky
595,Durham,US,2022-05-22 05:11:55,36.0335,-78.8664,71.62,89,100,6.26,overcast clouds
596,Uchaly,RU,2022-05-22 05:11:56,54.2996,59.4521,39.99,75,50,13.13,scattered clouds
597,Ust-Karsk,RU,2022-05-22 05:11:56,52.7011,118.8077,57.6,81,99,11.41,light rain
598,Killam,CA,2022-05-22 05:11:57,52.7834,-111.8518,47.25,40,55,3.33,broken clouds
599,Dongkan,CN,2022-05-22 05:12:57,33.9997,119.8308,90.37,24,81,6.4,broken clouds
600,Bumba,CD,2022-05-22 05:12:58,2.1833,22.4667,70.93,89,96,0.45,overcast clouds
601,Bayir,TR,2022-05-22 05:12:58,37.2687,28.2167,59.52,48,84,4.12,broken clouds
602,Waipawa,NZ,2022-05-22 05:12:59,-41.4122,175.5153,51.98,70,9,5.01,clear sky
603,Quatre Cocos,MU,2022-05-22 05:12:59,-20.2078,57.7625,77.11,71,22,14.94,light rain
604,Dekar,BW,2022-05-22 05:13:00,-21.5333,21.9333,41.97,82,0,6.53,clear sky
605,Sistranda,NO,2022-05-22 05:13:00,63.7256,8.834,48.16,84,100,5.37,light rain
606,Morgan City,US,2022-05-22 05:08:50,29.6994,-91.2068,77.0,88,0,6.91,clear sky
607,Pasni,PK,2022-05-22 05:13:01,25.2631,63.471,84.13,81,3,12.12,clear sky
608,Coihaique,CL,2022-05-22 05:13:01,-45.5752,-72.0662,36.21,93,100,5.75,overcast clouds
609,Taunggyi,MM,2022-05-22 05:13:02,20.7833,97.0333,81.39,46,57,7.36,broken clouds
610,Anadyr,RU,2022-05-22 05:13:02,64.75,177.4833,39.43,78,91,4.25,overcast clouds
611,Sorong,ID,2022-05-22 05:13:03,-0.8833,131.25,82.65,75,98,2.8,overcast clouds
612,Mataundh,IN,2022-05-22 05:13:03,25.45,80.15,103.32,19,24,15.3,few clouds
613,Toamasina,MG,2022-05-22 05:13:03,-18.1667,49.3833,72.97,79,98,10.22,light rain
614,Oussouye,SN,2022-05-22 05:13:04,12.485,-16.5469,73.15,81,52,5.57,broken clouds
615,Komsomolskiy,UZ,2022-05-22 05:13:04,40.4272,71.7189,61.52,63,75,25.32,broken clouds
616,Dongsheng,CN,2022-05-22 05:13:05,39.8161,109.9776,76.08,23,53,13.87,broken clouds
617,Kaputa,ZM,2022-05-22 05:13:05,-8.4689,29.6619,67.19,72,71,2.77,broken clouds
618,Pinhao,BR,2022-05-22 05:13:06,-25.6956,-51.6597,41.02,89,1,2.48,clear sky
619,Poum,NC,2022-05-22 05:13:06,-20.2333,164.0167,78.33,81,22,17.43,few clouds
620,Phan Thiet,VN,2022-05-22 05:13:07,10.9333,108.1,85.84,66,100,11.5,overcast clouds
621,Manakara,MG,2022-05-22 05:13:07,-22.1333,48.0167,66.9,82,7,2.59,clear sky
622,Samarai,PG,2022-05-22 05:13:07,-10.6167,150.6667,82.96,75,81,8.99,broken clouds
623,Tucurui,BR,2022-05-22 05:13:08,-3.7661,-49.6725,72.0,86,92,0.89,overcast clouds
624,Tshikapa,CD,2022-05-22 05:13:08,-6.4167,20.8,72.88,85,97,0.83,overcast clouds
625,Lithakia,GR,2022-05-22 05:13:09,37.7167,20.8333,61.97,77,20,0.0,few clouds
626,Athabasca,CA,2022-05-22 05:13:10,54.7169,-113.2854,42.73,56,80,6.13,broken clouds
627,Tirat Karmel,IL,2022-05-22 05:13:11,32.7617,34.9719,71.58,74,75,12.66,broken clouds
628,Xingyi,CN,2022-05-22 05:13:11,24.1877,102.817,58.59,97,100,3.06,heavy intensity rain
629,Teluk Nibung,ID,2022-05-22 05:13:12,3.001,99.8164,88.88,62,44,4.7,scattered clouds
630,El Tigre,VE,2022-05-22 05:13:12,8.8875,-64.2454,76.62,65,0,12.59,clear sky
631,Hualmay,PE,2022-05-22 05:13:13,-11.0964,-77.6139,63.41,88,74,7.34,broken clouds
632,Raposa,BR,2022-05-22 05:13:13,-6.5167,-44.1833,68.77,89,74,3.67,broken clouds
633,Saldanha,ZA,2022-05-22 05:13:14,-33.0117,17.9442,54.97,82,53,4.07,broken clouds
634,Sisimiut,GL,2022-05-22 05:13:14,66.9395,-53.6735,40.8,62,100,10.71,light rain
635,Atocha,BO,2022-05-22 05:13:15,-20.9333,-66.2333,35.65,24,46,12.08,scattered clouds
636,Kendari,ID,2022-05-22 05:13:15,-3.945,122.4989,85.01,67,45,3.89,scattered clouds
637,Polewali,ID,2022-05-22 05:13:15,-3.4324,119.3435,86.88,65,69,4.65,broken clouds
638,Tura,IN,2022-05-22 05:11:47,25.5198,90.2201,85.57,62,13,4.65,few clouds
639,Ust-Koksa,RU,2022-05-22 05:13:16,50.2696,85.6108,77.81,24,100,7.74,overcast clouds
640,Jaffna,LK,2022-05-22 05:12:09,9.6685,80.0074,85.35,71,59,19.17,broken clouds
641,Pontes E Lacerda,BR,2022-05-22 05:13:17,-15.2261,-59.3353,62.55,70,34,3.02,scattered clouds
642,Kihurio,TZ,2022-05-22 05:13:18,-4.4667,38.0667,70.47,85,100,2.8,overcast clouds
643,Pendleton,US,2022-05-22 05:10:18,45.6721,-118.7886,53.62,72,40,6.91,scattered clouds
644,Fare,PF,2022-05-22 05:14:18,-16.7,-151.0167,80.13,72,8,10.96,light rain
645,Makaha,US,2022-05-22 05:14:19,21.4694,-158.2175,82.31,65,0,8.05,clear sky
646,Ogaminana,NG,2022-05-22 05:14:19,7.5946,6.2248,70.59,97,99,3.67,overcast clouds
647,Manokwari,ID,2022-05-22 05:14:20,-0.8667,134.0833,78.69,83,90,4.65,overcast clouds
648,Basco,PH,2022-05-22 05:14:20,20.4487,121.9702,80.6,77,61,11.9,broken clouds
649,White Rock,CA,2022-05-22 05:11:04,49.0164,-122.8026,57.0,73,6,3.47,clear sky
650,Smirnykh,RU,2022-05-22 05:14:21,49.75,142.8333,53.83,87,100,5.68,overcast clouds
651,Krasnoarmeysk,RU,2022-05-22 05:14:21,51.0239,45.6969,46.89,85,100,10.56,light rain
652,Beamsville,CA,2022-05-22 05:14:22,43.1668,-79.4829,64.87,93,100,3.56,overcast clouds
653,Cockburn Town,TC,2022-05-22 05:14:22,21.4612,-71.1419,79.38,82,100,19.1,overcast clouds
654,Skelleftea,SE,2022-05-22 05:14:23,64.7507,20.9528,53.96,54,89,5.75,overcast clouds
655,Howard Springs,AU,2022-05-22 05:14:23,-12.497,131.047,91.81,47,5,7.2,clear sky
656,Manggar,ID,2022-05-22 05:14:23,-2.8833,108.2667,86.79,65,56,7.31,broken clouds
657,Hovd,MN,2022-05-22 05:14:24,48.0056,91.6419,70.52,15,46,4.83,scattered clouds
658,Buin,CL,2022-05-22 05:14:24,-33.7333,-70.75,60.06,48,100,0.43,overcast clouds
659,Zemio,CF,2022-05-22 05:14:25,5.0314,25.1361,70.65,85,100,2.35,overcast clouds
660,Iberia,US,2022-05-22 05:14:25,29.9502,-91.7507,76.96,88,0,0.0,clear sky
661,Tezu,IN,2022-05-22 05:14:26,27.9167,96.1667,86.43,63,39,3.51,scattered clouds
662,Manta,EC,2022-05-22 05:14:26,-0.95,-80.7333,74.98,88,40,9.22,scattered clouds
663,Nata,PA,2022-05-22 05:14:26,8.3333,-80.5167,77.59,88,98,1.77,overcast clouds
664,Gaogou,CN,2022-05-22 05:14:27,34.0175,119.1886,90.75,24,88,8.3,overcast clouds
665,Tiznit,MA,2022-05-22 05:14:27,29.5833,-9.5,68.16,48,84,1.5,broken clouds
666,Mayo,US,2022-05-22 05:14:28,38.8876,-76.5119,80.76,61,0,11.5,clear sky
667,Saint George,US,2022-05-22 05:10:02,37.1041,-113.5841,69.26,19,0,5.75,clear sky
668,Beira,MZ,2022-05-22 05:11:22,-19.8436,34.8389,77.09,83,75,10.36,broken clouds
669,San Quintin,MX,2022-05-22 05:14:29,30.4833,-115.95,59.22,77,60,3.62,broken clouds
670,Basingstoke,GB,2022-05-22 05:11:49,51.2625,-1.0871,49.19,94,76,3.24,broken clouds
671,Kirkenes,NO,2022-05-22 05:14:29,69.7271,30.0458,41.22,93,100,12.66,overcast clouds
672,Nagato,JP,2022-05-22 05:14:30,34.3833,131.2,82.2,67,0,12.12,clear sky
673,Kodala,IN,2022-05-22 05:14:30,19.6333,84.95,99.91,27,75,7.38,broken clouds
674,Ndioum,SN,2022-05-22 05:14:30,16.5129,-14.6471,72.88,60,87,13.98,overcast clouds
675,Mersing,MY,2022-05-22 05:14:31,2.4312,103.8405,91.47,54,79,3.74,broken clouds
676,Inta,RU,2022-05-22 05:14:31,66.0317,60.1659,37.89,60,100,19.71,overcast clouds
677,Abong Mbang,CM,2022-05-22 05:11:21,3.9833,13.1833,66.54,92,100,0.4,overcast clouds
678,Yelizovo,RU,2022-05-22 05:14:32,53.1873,158.3805,48.34,75,75,8.99,broken clouds
679,Nizwa,OM,2022-05-22 05:14:32,22.9333,57.5333,96.58,15,0,5.14,clear sky
680,Khatima,IN,2022-05-22 05:14:33,28.9167,79.9667,86.29,19,99,8.84,overcast clouds
681,Cerro Punta,PA,2022-05-22 05:14:33,8.85,-82.5667,55.99,95,100,1.59,overcast clouds
682,Miri,MY,2022-05-22 05:14:33,4.4148,114.0089,87.42,62,67,9.33,broken clouds
683,Bonfim,BR,2022-05-22 05:14:34,3.0833,-59.95,72.95,94,100,4.25,moderate rain
684,Denpasar,ID,2022-05-22 05:09:50,-8.65,115.2167,87.46,70,20,11.5,few clouds
685,Indiana,US,2022-05-22 05:13:31,40.0003,-86.2503,67.77,93,100,11.99,overcast clouds
686,Sambava,MG,2022-05-22 05:14:35,-14.2667,50.1667,75.25,89,100,12.35,moderate rain
687,Yining,CN,2022-05-22 05:14:35,29.0361,114.5636,75.11,70,100,0.67,overcast clouds
688,Erzin,TR,2022-05-22 05:14:36,36.9559,36.2,77.79,28,2,4.38,clear sky
689,Gorom-Gorom,BF,2022-05-22 05:14:36,14.4439,-0.2361,84.33,44,79,11.48,broken clouds
690,Skagen,DK,2022-05-22 05:14:37,57.7209,10.5839,52.88,88,100,6.2,overcast clouds
691,Bacolod,PH,2022-05-22 05:11:13,10.6667,122.95,87.33,64,99,7.09,overcast clouds
692,Sorland,NO,2022-05-22 05:15:37,67.667,12.6934,46.26,95,100,7.16,overcast clouds
693,Sabang,ID,2022-05-22 05:15:38,5.8933,95.3214,83.25,79,56,24.58,broken clouds
694,Baruun-Urt,MN,2022-05-22 05:15:38,46.6806,113.2792,71.35,33,81,14.5,broken clouds
695,Havre-Saint-Pierre,CA,2022-05-22 05:15:39,50.2334,-63.5986,50.36,93,100,4.61,overcast clouds
696,Manacapuru,BR,2022-05-22 05:15:39,-3.2997,-60.6206,73.71,89,90,4.18,overcast clouds
697,Douglas,US,2022-05-22 05:10:44,41.3,-96.167,47.28,65,0,3.44,clear sky
698,Frankfurt,DE,2022-05-22 05:11:21,50.1167,8.6833,55.36,82,0,4.61,clear sky
699,Sangre Grande,TT,2022-05-22 05:15:40,10.5835,-61.1177,80.19,79,42,9.53,scattered clouds
700,Cabedelo,BR,2022-05-22 05:15:40,-6.9811,-34.8339,75.87,89,95,12.64,overcast clouds
701,Trebaseleghe,IT,2022-05-22 05:15:41,45.5928,12.0506,70.86,77,0,3.44,clear sky
702,Yeppoon,AU,2022-05-22 05:15:41,-23.1333,150.7333,78.58,78,88,13.24,overcast clouds
703,Chapais,CA,2022-05-22 05:15:42,49.7834,-74.8492,40.78,70,86,5.53,overcast clouds
704,Byron Bay,AU,2022-05-22 05:15:42,-28.65,153.6167,61.72,80,98,16.02,light rain
705,Kloulklubed,PW,2022-05-22 05:15:43,7.0419,134.2556,82.9,73,64,8.28,broken clouds
706,Bolshaya Glushitsa,RU,2022-05-22 05:15:44,50.2406,43.5908,49.39,97,100,9.71,overcast clouds
707,Teguldet,RU,2022-05-22 05:15:44,57.3064,88.1667,71.42,37,31,5.21,scattered clouds
708,Jishou,CN,2022-05-22 05:15:45,28.3167,109.7167,65.21,94,100,1.61,light rain
709,Ketchikan,US,2022-05-22 05:15:45,55.3422,-131.6461,55.87,54,0,4.61,clear sky
710,Parabel,RU,2022-05-22 05:15:46,58.6978,81.4825,68.67,47,27,12.46,scattered clouds
711,Barranca,PE,2022-05-22 05:15:47,-10.75,-77.7667,62.83,88,67,5.97,broken clouds
712,Alenquer,BR,2022-05-22 05:15:47,-1.9417,-54.7383,72.88,96,95,2.33,heavy intensity rain
713,Goure,NE,2022-05-22 05:15:48,13.9835,10.2704,79.56,15,90,7.63,overcast clouds
714,Galle,LK,2022-05-22 05:14:28,6.0367,80.217,83.73,77,38,14.56,scattered clouds
715,Ramshir,IR,2022-05-22 05:15:49,30.8946,49.4092,85.86,7,0,12.1,clear sky
716,Concordia,AR,2022-05-22 05:15:49,-31.393,-58.0209,52.88,90,100,4.05,overcast clouds
717,Sao Jose De Ribamar,BR,2022-05-22 05:15:50,-2.5619,-44.0542,77.38,88,56,2.71,broken clouds
718,Markova,UA,2022-05-22 05:15:51,48.6758,24.4138,53.42,72,6,9.73,clear sky
719,Yuci,CN,2022-05-22 05:15:52,37.6803,112.7319,83.95,21,0,4.47,clear sky
720,Druzhnaya Gorka,RU,2022-05-22 05:15:52,59.2761,30.1425,43.52,52,2,7.49,clear sky
